method,total_questions,correct,wrong,accuracy_%
baseline_no_rag,148,124,24,83.78378378378379
phase1_country_filter,148,124,24,83.78378378378379
phase2_intent,148,124,24,83.78378378378379
phase3_tiered,148,123,25,83.1081081081081
phase5_trust_weight,148,120,28,81.08108108108108
phase4_quality,148,120,28,81.08108108108108
phase6_full_system,148,120,28,81.08108108108108
rag_basic,148,117,31,79.05405405405406
