method,total_questions,correct,wrong,accuracy_%
baseline_no_rag,148,124,24,83.78378378378379
phase1_country_filter,148,124,24,83.78378378378379
phase2_intent,148,124,24,83.78378378378379
phase3_tiered,148,124,24,83.78378378378379
rag_basic,148,122,26,82.43243243243244
phase4_quality,148,122,26,82.43243243243244
phase5_trust_weight,148,122,26,82.43243243243244
phase6_full_system,148,122,26,82.43243243243244
